company name,city,state,description
Philadelphia Eagles,Philadelphia,PA,"The Philadelphia Eagles are known as one of the more progressive organizations in professional sports and have come to be considered one of the most storied sports franchises in history. As an organization the Philadelphia Eagles is both an exciting and demanding place to work fueled by passion, dedication, and a commitment to the community and Eagles Autism Foundation."
IxDF - The Interaction Design Foundation,Austin,TX,"On a mission to help people who feel stuck in their careers make a fast and fulfilling transition into design and tech. We're here to help you build skills that improve lives, create products and services people love, and lead to salaries that reflect real value."
First Round Capital,San Francisco,CA,"First Round is a venture capital firm that works with founders exclusively at the earliest stages of company building, often when all they have is an ""imagine if."" We fill in where we can until the team is filled out, tackling crucial early hiring and equipping those who are great at building product with the skills to sell it, too."
NoGood,New York,NY,"We were never able to find the growth team we wanted, so we built it — one expert at a time. Born in New York City, we are a team of growth leads, strategy consultants, creatives, engineers, and data scientists who help unlock rapid growth for the world's most iconic brands and fast-growing VC-backed startups."
Fox School of Business at Temple University,Philadelphia,PA,The Fox School of Business transforms students into professionals and leaders through a high-quality business education.
Whizz,New York,NY,"At Whizz, we are on a mission to revolutionize the transportation industry for delivery drivers. We believe that everyone deserves the opportunity to access reliable and convenient mobility solutions, regardless of their financial or credit history."
Thrive Internet Marketing Agency,Dallas,TX,"Thrive is a full-service digital marketing agency headquartered in Arlington, Texas. Since we are a full-service agency, we can handle everything in-house from building a custom WordPress website to managing your social media to developing and executing a search engine marketing campaign."
Cesium,Philadelphia,PA,Cesium is the open platform for software applications designed to unleash the power of 3D geospatial data.
Nuuly,Philadelphia,PA,Nuuly is a curated destination for anyone who loves fashion and is exploring how to wear and buy it in ways that are gentler on the planet and their wallets. Get creative with what you wear every day.
Philadelphia Business Journal,Philadelphia,PA,"The Philadelphia Business Journal is the leading source of local business news, data and networking for the Southeastern Pennsylvania and South Jersey region."
Women in Retail Leadership Circle,Philadelphia,PA,"Women in Retail Leadership Circle (WIRLC) is an exclusive community of women executives at leading retailers and brands. Our mission is to foster leadership development for our members by providing an unparalleled mix of events, content and elite connections."
Prodigy Investigations (A Fraud Fighters Company),New York,NY,"Surveillance Investigations serving risk managers and insurance professionals - Resolving fraud claims - AOE/COE - 50,000+ employers helped - 175,000+ surveillance ops - $500 million+ saved for clients."
Neurodiversity in the Workplace,Philadelphia,PA,"Neurodiversity in the Workplace (NITW), is a non-profit consultancy that designs and implements neurodivergent inclusion practices at partner organizations. NITW works with more than 30 enterprise partners to shape best practices in neurodiversity strategy."
KDR Talent Solutions USA,Philadelphia,PA,"Home of the best talent solutions and jobs for the data, analytics and technology community. Relationships are the cornerstone of how we work. We get to know our clients and candidates and have built up a reputation for receiving 100% interview request rates from resume submissions."
"Concorde, Inc",Philadelphia,PA,"Since 1983, Concorde has established itself as an industry leader in all facets of Employment Screening and Health Services including: Drug and Alcohol Testing, Background Screening and Occupational Health Services."
RMA,Philadelphia,PA,RMA and BAI: Together we're ProSight. RMA and BAI have come together as ProSight Financial Association. BAI's rich history in serving compliance and retail banking leaders complements RMA's deep knowledge and expertise in risk management and commercial banking.
Signium,Chicago,IL,"Business today is more volatile and unpredictable than ever. Our community of specialists is focused on delivering first class leadership outcomes through global executive search and succession, to leadership assessment and development."
Marketri,Philadelphia,PA,"Founded in 2004, Marketri is a technology-enabled B2B growth firm that helps mid-market companies build marketing and business development functions that rival their largest competitors."
Allnessjobs,Philadelphia,PA,We are skilled career agents who connect exceptional talent with some of the most prestigious employers in the country.
Sterlington,New York,NY,"Sterlington PLLC is an international law firm focusing on complex corporate, executive compensation, litigation, and transactional matters. By offering high-level legal expertise and customized client solutions, the firm helps clients around the world achieve their business goals."
Philadelphia Flyers,Philadelphia,PA,"The Philadelphia Flyers are a championship National Hockey League franchise, with a legacy of commitment to victories, fans and the community. The Flyers support the Greater Philadelphia Region through organizations like Flyers Charities, the Flyers Skate Zone."
Brolly Labs LLC,Philadelphia,PA,"Tapping into our decades of experience investing in and operating VC and PE-backed portfolio companies, we are experts in identifying areas for disruption and executing go-to-market strategies."
Ghost Robotics,Philadelphia,PA,"Ghost Robotics develops unstoppable, agile and all-weather autonomous 4-leg robots (quadrupedal or Q-UGVs) offering superior operability over wheeled and tracked devices on unstructured terrain in rough and demanding environments."
Tigerhall,Menlo Park,CA,"Tigerhall is AI built for transformation teams that need to move fast to scale always-on change. Whether it's one large-scale transformation or 2,000 change initiatives, Tigerhall helps internal teams build sustained change capabilities."
Saarthee,Philadelphia,PA,"Saarthee is a global strategy, analytics, technology, and AI consulting company, an Inc 5000 firm unlike any other, where our passion for helping others fuels our approach and our products and solutions."
Eisenhower Fellowships,Philadelphia,PA,"Eisenhower Fellowships identifies, empowers and connects innovative leaders through a transformative fellowship experience and lifelong engagement in a global network of dynamic change agents."
UN/COMMON,Philadelphia,PA,UN/COMMON is the complete agency to complete your brand. We're unconventional in our thinking and profit-driven in our results. And that's why we're fixing the broken agency model by connecting the dots between brands and consumers.
"MGE COMPANIES (MG Engineering, MGE Unified Technologies, MGE Lighting Design Collaborative)",New York,,"MG Engineering, MGE Unified Technologies, MGE Lighting Design Collaborative. We strive to provide comprehensive, best-in-class engineering and Technology services that embrace architectural aesthetics."
Crossbeam,Philadelphia,PA,"Crossbeam is the first and largest Ecosystem-Led Growth platform, used by over 30,000 companies to attract, convert, and grow customer relationships using their partner ecosystems."
Cowbell,Pleasanton,CA,Cowbell is the commercial insurance partner that makes brokers more successful by delivering coverage clients can actually understand and protection that strengthens their business.
"African-American Chamber of Commerce of PA, NJ & DE",Philadelphia,PA,The AACC is the leading advocate for minority owned business in the Delaware Valley and Southeastern Pennsylvania.
"Transamerica Financial Advisors, Inc.",Philadelphia,PA,"Vested in your success, 100 percent. With decades of experience, Transamerica Financial Advisors, LLC., is a full-service, fully licensed, independent Broker/Dealer and Registered Investment Advisor."
Nonprofit Finance Fund,New York,NY,"A nonprofit lender and consultant with 40+ years of national and hyperlocal experience, Nonprofit Finance Fund helps mission-driven organizations adapt, thrive, and drive positive change."
Women Leading Travel,Philadelphia,PA,"Women Leading Travel and Hospitality is an unparalleled community for executive women working across travel and hospitality companies, offering unique networking experiences and an opportunity for professional growth."
Allen & Gerritsen,Boston,MA,"A&G (Allen & Gerritsen) exists to help brands Be Unignorable. We harness creativity to shake markets, shift behaviors and supercharge growth."
Vistar Media,New York,NY,"Vistar Media, a part of T-Mobile Advertising Solutions, is the home of out-of-home (OOH). Out there, in the streets, ad space intersects time and place."
"Black Woman CEO with Quanisha Green, MSS",Philadelphia,PA,"Black Woman CEO is a sisterhood of strong, determined Black women who want to redefine the story of our Black experience and own our true identities."
LLR Partners,Philadelphia,PA,"LLR Partners is a lower middle market private equity firm focused on investing in software and tech-enabled companies within the knowledge economy. Founded in 1999 and headquartered in Philadelphia, LLR has raised over $7.5 billion across seven funds."
"Century Therapeutics, Inc",Philadelphia,PA,"Century Therapeutics is an innovative biotechnology company that is building an industry-leading, allogeneic, iPSC-derived cell therapy platform."
Halfday Iced Tea,Philadelphia,PA,"When Co-founder Kayvon Jahanbakhsh was diagnosed with ulcerative colitis he lost over 80 pounds, and was forced to dramatically change his diet. That's where the idea for Halfday prebiotic iced tea was born."
Doral Renewables LLC,Philadelphia,PA,"Doral Renewables is a Philadelphia-based developer, owner, and operator of renewable energy assets throughout the United States. Our solar and storage development portfolio comprises nearly 18 GW."
gorjana,laguna beach,CA,"Gorjana and Jason Griffin Reidel followed a creative impulse and founded gorjana in Laguna Beach, California in 2004."
IDEA EVOLVER,Philadelphia,PA,"For Pharma, Biotech and Life Sciences. SEARCH + AI VISIBILITY. AI Search Intelligence for Life Sciences. We connect search behavior, AI-generated answers and site activity through a distinctly pharmaceutical lens."
UX Jobs by Her UX Path,Philadelphia,,"Page to help share jobs we find for designers of all levels. Set up coaching time to get help with interviews, portfolio writing, resumes, and more."
Challenger,Philadelphia,PA,"Challenger, powered by Richardson, transforms how sales organizations engage customers by equipping sellers to lead with insight to reframe how buyers think about their business."
Smith & Diction,Philadelphia,PA,Thoughtful identities for imaginative clients.
Foyr,New York,NY,"Foyr helps interior designers and contractor businesses run their entire workflow in one place. Design in 3D, create floor plans, generate renders, and manage projects from start to finish."
Prevail InfoWorks,Philadelphia,PA,"Through eight product approvals, Prevail InfoWorks has been the CRO/FSP that uniquely delivers, from clinical experts, a complete eClinical suite, end-to-end global trial services, and the patented Single Interface."
SimpleTire,Philadelphia,PA,SimpleTire is a B2B technology-enabled platform that connects all the participants in the tire industry to drive better consumer experience and improve efficiencies.
Nextmv,Philadelphia,PA,"Nextmv, now part of FICO, is a DecisionOps platform that accelerates optimization AI teams with tools for deployment, testing, CI/CD, collaboration, and management of decision models."
Visit Philadelphia,Philadelphia,PA,"VISIT PHILADELPHIA is our name and our mission. As the region's official tourism marketing agency, we build Greater Philadelphia's image, drive visitation and boost the economy."
Proscia,Philadelphia,PA,"Proscia brings enterprise-grade intelligence to pathology, powering precision medicine from discovery to diagnosis. Our Concentriq platform is built for the people behind the most critical decisions in medicine."
Asset-Map,Philadelphia,PA,"Founded by Certified Financial Planning Practitioner H. Adam Holt in 2013, Asset-Map is on a mission to elevate the financial wellness of millions of people."
LAGOS,Philadelphia,PA,"In 1977 LAGOS was founded in Philadelphia by artist and master jeweler Steven Lagos. The brand pioneered a new category of jewelry, between fashion and fine jewelry."
FuzeMee,Philadelphia,PA,"We're bringing trust back to online transactions, starting where it matters most: on campus. FuzeMee is a student-only marketplace designed to make buying and selling safer, faster, and verified."
Society for Industrial and Applied Mathematics (SIAM),Philadelphia,PA,"SIAM, headquartered in Philadelphia, Pennsylvania, is an international society of 14,000+ individual, academic, and corporate members from 100+ countries."
Nelson Frank,Philadelphia,PA,"ServiceNow recruitment experts, it's all we do. Nelson Frank is the leader in ServiceNow recruitment."
Chop Dawg,Philadelphia,PA,"At Chop Dawg, we're more than an ordinary app development agency, we're your extended team, delivering the results you need."
Cabaletta Bio,Philadelphia,PA,Cabaletta Bio (Nasdaq: CABA) is a clinical-stage biotechnology company focused on the discovery and development of engineered T cell therapies for autoimmune diseases.
Resume Rebuilders - US-Based Certified Professional Resume Writers,Chicago,IL,"Resume Rebuilders is a nationwide professional resume writing service specializing in ATS-optimized resumes, LinkedIn profile optimization, cover letters, and career branding solutions."
Launch Potato,Delray Beach,FL,"As The Discovery and Conversion Company, we connect advertisers to customers at all parts of the consumer journey, from awareness to consideration to purchase."
Dynamic Energy,Philadelphia,PA,"Dynamic Energy is a full-service clean energy developer and EPC delivering an integrated suite of solar, energy storage, and electric vehicle charging solutions."
dakota,Bryn Mawr,PA,"Dakota is a financial, software, data and media company based in Philadelphia, PA. Dakota's flagship product, Dakota Marketplace, is a database of LPs, GPs, Private Companies and Public Companies."
G2 Startup Advisors,Philadelphia,PA,"G2 Advisors is a high-impact team specializing in executive search, fractional HR leadership, and relationship-driven management coaching."
Cerity Partners Ventures,Philadelphia,PA,"Cerity Partners Ventures is the corporate venture practice of Cerity Partners. We help corporations work with innovative startups, with the goal of fueling their mutual success."
Think Company,Philadelphia,PA,"Think Company is an award-winning experience design and development consultancy. Our team understands highly-regulated and complex markets, shapes solutions using data."
TITAN 100,Chicago | Colorado | Dallas Fort Worth | Georgia | Miami | Nashville | Philadelphia | Phoenix | Salt Lake City | St. Louis | Tampa Bay | Wisconsin,,The Titan 100 is a national program that recognizes the top 100 CEO's and C-level executives in a region.
Finch Brands,Philadelphia,PA,"Finch Brands is a boutique brand consultancy that helps brands win when it matters most. We accomplish this by blending insight, intuition, and creativity to shape brand strategy."
DBI Consultants,New York,NY,"We evaluate damaged structures. As construction experts, we provide independent recommendations and analyses for clients around the world in the insurance and legal industries."
Opportunity Finance Network,Washington,DC,Opportunity Finance Network (OFN) is the leading network of community development financial institutions (CDFIs) with a proven expertise in lending prudently and productively in unconventional markets.
Dalfen Industrial,Dallas,TX,"Dalfen Industrial is one of the nation's largest buyers of industrial real estate, focused on high-quality industrial properties in key markets throughout the U.S. and Canada."
BeatStars,Austin,TX,BeatStars is a global music marketplace offering everything needed to help music creators and entrepreneurs get started growing their business.
"InstaMed, a J.P. Morgan company",Philadelphia,,"J.P. Morgan Healthcare Payments has integrated InstaMed solutions to deliver an end-to-end suite of payments, treasury, and banking solutions to healthcare organizations of all sizes."
Lugg,San Francisco,CA,"Lugg is the easiest way to move or deliver anything, right when you need it. Think of us as the ""Uber for movers""."
Tech Elevator,Cleveland,OH,Tech Elevator is an intensive educational provider helping individuals and companies acquire in-demand technology skills for the modern workforce.
Penn Engineering,Philadelphia,PA,"Founded by Benjamin Franklin, America's First Engineer, the University of Pennsylvania was the first of its kind; a university created for the purpose of building knowledge."
More Recruits,Philadelphia,PA,"At More Recruits, we specialize in empowering businesses to scale and thrive by connecting them with exceptional talent."
Philadelphia magazine,Philadelphia,PA,"Philadelphia magazine is a multi-faceted media property that fuels the region's population to thrive, prosper and enjoy everyday life to the fullest."
"Data Intelligence, LLC",Marlton,NJ,"Data Intelligence, LLC (DI) provides mission focused systems engineering, full lifecycle software development and cybersecurity solutions for complex IT and C5ISR system."
Philadelphia Convention & Visitors Bureau,Philadelphia,PA,"The Philadelphia Convention & Visitors Bureau (PHLCVB), a private non-profit membership corporation, is the official Tourism Promotion Agency for the City of Philadelphia."
SYSTRA USA,New York,NY,"SYSTRA USA, Inc. is home to designers, engineers, architects, and construction and program managers who partner with clients that deliver public transportation, educational facilities, and affordable housing."
Freebird,Philadelphia,,"At Freebird, we make shaving effortless. We're a fast-growing, family-built brand redefining the head and body shaving experience."
ARC by ChargeItSpot,Philadelphia,PA,"Managing enterprise devices is complex. ARC by ChargeItSpot simplifies it. ARC was launched in 2021 by ChargeItSpot, a pioneer in public mobile charging stations."
Brownstein Group,Philadelphia,PA,"Brownstein Group is one of the longest-running independent agency networks in the country. Comprised of four distinct agencies, we help clients navigate the changing tides of culture and business."
Carisma Therapeutics,Philadelphia,PA,Carisma Therapeutics Inc. is a clinical stage biopharmaceutical company focused on utilizing our proprietary macrophage and monocyte cell engineering platform.
Freelancing (Hire me!),New York,NY,"When you find yourself looking for someone to freshen your brand, build a new app, or create an engaging user experience hiring freelancers usually seems cumbersome and expensive."
The Lauder Institute - University of Pennsylvania,Philadelphia,PA,The Lauder Institute at the University of Pennsylvania offers a MA International Studies joint degree with the Wharton MBA and Penn Law JD programs.
Burro,Philadelphia,PA,Burro is pioneering the future of work outdoors. Our mission is to solve the crushing labor problem faced by industrial and agricultural operators today.
Field Operations,New York,NY,"Field Operations is a leading-edge urban design and landscape architecture practice based in New York City, with offices in San Francisco, Philadelphia, Shenzhen, and London."
Back on My Feet,Philadelphia,PA,Back on My Feet empowers people to achieve economic independence through fitness and community. Operating in 16 cities nationwide.
"Julius Silvert, Inc",Philadelphia,PA,"Celebrating 110 Years! Since 1915, our company has provided local restaurants with the finest ingredients available. Located in Philadelphia, we are a family owned food wholesale distribution company."
Freeman's Auctions,Chicago,IL,"Freeman's is a premier American auction house offering services in multiple categories including fine art, jewelry, design, books and manuscripts, furniture, decorative arts, antiquities, couture, and Asian works of art."
Kiernan Trebach LLP,Washington,DC,"Kiernan Trebach is a mid-sized law firm with offices throughout the Northeast and Mid-Atlantic regions of the United States, from Maine to Florida."
DiD Agency,Philadelphia,PA,WE HAVE MOVED PAGES!! FOLLOW OUR NEW PAGE @ LUCIDGROUPUS. We haven't been as active here lately because we've been creating and sharing on our new LinkedIn page.
Alterra Property Group,Philadelphia,PA,"Alterra Property Group, LLC is an established real estate investment, development, and management company based in Philadelphia, PA."
Palm Venture Studios,Austin,TX,"Palm Venture Studios is the only venture studio focused on ""second-chance"" capital for early-stage startups."
CID Entertainment,Philadelphia,,"CID Entertainment is made up of music fans, innovators, former tour managers, ticketing experts, customer service specialists, production gurus and much more."
Bowery Valuation,New York,NY,"Bowery is redefining the commercial appraisal space through big data, advanced technology, and extensive expertise."
Honor Foods,Philadelphia,PA,"Honor Foods, a Burris Logistics Company, was founded in 1949 as a redistributor of center-of-the-plate foods."
The American Journal of Healthcare Strategy,Philadelphia,PA,The American Journal of Healthcare Strategy (AJHCS) is the leading strategy research firm dedicated to the composition and distribution of knowledge within the healthcare industry.
Jackson Lucas,New York,NY,"Jackson Lucas is a global organizational consulting firm providing specialized expertise in executive search, compensation consulting, leadership and board advisory."
BetterVet (Acquired by The Vets),Boston,MA,BetterVet is an industry leader in mobile veterinary care and pet wellness.
Strella,Seattle,WA,Our sensors and data predict shelf life to reduce food waste and improve quality.
Garfield Refining,Philadelphia,PA,"Founded in 1892, Garfield Refining is a fourth-generation, family-owned precious metals refinery headquartered in Philadelphia, PA."
"Sports Reference, LLC",Philadelphia,PA,Sports Reference currently serves a still-growing 20 million monthly users. Our sports stats sites are used worldwide every day.
WE-Matter,Philadelphia,PA,"High Performance through Engagement. WE-Matter is founded by Prashant Srivastav, alumnus of IIM Ahmedabad, Former CEO of Gallup India and Partner at AON Hewitt, APAC."
Verilogue,Philadelphia,PA,Verilogue provides marketers and marketing researchers actionable insights into exam-room conversations between doctors and patients.
PhilaPort (The Port of Philadelphia),Philadelphia,PA,"PhilaPort, The Port of Philadelphia, is an independent agency of the Commonwealth of Pennsylvania charged with the management, maintenance, marketing, and promotion of port facilities along the Delaware River."
Printfresh,Philadelphia,PA,"A longtime lover of patterns and textiles, Amy Voloshin founded Printfresh with her husband Leo in 2016."
ClearCourse Consulting,Charlotte,NC,ClearCourse Consulting is a strategic advisory firm specializing in Human Capital Management (HCM) transformation.
Roundtrip,Philadelphia,PA,Roundtrip is the leading digital transportation marketplace for better health outcomes.
Diversified Group,Warminster,PA,"At Diversified, we strive to be the preeminent lighting representative serving Eastern PA, Delaware, New Jersey, and Metro NYC."
Salix Fruits LLC,Philadelphia,PA,"Salix Fruits is the partner of choice for fruit buyers and growers. We specialize in Apples, Pears, Grapes, Citrus, and Kiwis."
Venture Lab,Philadelphia,PA,We maximize the ability of our students and alumni to address important challenges through entrepreneurship and entrepreneurial approaches.
Cable & Connections,USA,,"For more than 25 years, Cable & Connections has served the low voltage installation industry with our diverse inventory and years of experience."
iCorps Technologies,Woburn,MA,iCorps Technologies provides relationship-based technology services that cater to businesses with security and compliance at the core of every solution.
PlayVS College League,Philadelphia,PA,PlayVS College League is helping to reshape how entertainment is consumed by younger generations with new methodologies for advertisers.
The Common Market,Philadelphia,PA,The Common Market is a nonprofit wholesale food distributor that is successfully building sustainable regional food systems.
WRT,Philadelphia,PA,"WRT is a team of planners, urban designers, architects, and landscape architects."
QuotaPath,Philadelphia,PA,"The right comp plans drive performance. QuotaPath replaces manual calculations and fragmented processes with one trusted system to design, run, and optimize your comp plans."
Over The Top SEO,Seattle,WA,"Over The Top SEO LTD also known as O.T.T is an international Full Digital Marketing Company that specializes in Search Engine Optimization, Online Reputation Management, and Lead Generation."
Women in Title (WiT),Denver,CO,"Women in Title is a network dedicated to empowering, supporting, and elevating women in the title industry."
Tech Impact,Philadelphia,PA,"We believe technology can change the way we work as nonprofits, which is why we have partnered with thousands of organizations around the world since 2003."
Comcast Ventures,New York,NY,"Comcast Ventures is the venture capital arm of Comcast Corporation, with a 20+ year history of partnering with entrepreneurs to accelerate growth for their businesses."
CivTeam,Philadelphia,PA,IT system testing and evaluation company based in Philadelphia.
GreenLight Fund,Boston,MA,The GreenLight Fund works at the intersection of community need and social innovation.
Clark Capital Management Group,Philadelphia,PA,Clark Capital Management Group is a family and employee owned independent asset management firm providing institutional-quality investment solutions.
Summer Search,Oakland,CA,"Summer Search believes young people should have the opportunity to fulfill their potential, regardless of their circumstances."
Empire MG Inc.,Philadelphia,PA,Empire Management is one of the most formidable business consulting firms in the area.
Interius BioTherapeutics,Philadelphia,PA,"Interius BioTherapeutics is now part of Kite, a Gilead Company."
Spenza,Philadelphia,PA,Spenza is an operator-neutral connectivity enablement platform for businesses that offers procure-to-pay SaaS with integrated marketplace of operator mobile plans.
"Sagefrog Marketing Group, LLC",Doylestown,PA,"Sagefrog Marketing Group is a top-ranked B2B marketing agency with specialties in healthcare, technology, industrial, and business services."
Food Export-Midwest & Food Export-Northeast,Chicago,IL,Food Export Association of the Midwest USA and Food Export USA-Northeast are non-profit organizations composed of 23 Midwestern and Northeastern state agricultural promotion agencies.
Brian Communications,Philadelphia,PA,"Brian is a full-service, strategic communications agency serving the Philadelphia region."
Sureguard Financial,Philadelphia,PA,Sureguard is a leading provider of comprehensive financial services and insurance solutions.
Independent Lodging Congress,Philadelphia,PA,"ILC a place of discovery, collaboration, and idea generation for individuals and organizations within the hospitality space."
Binswanger,Philadelphia,PA,"Founded in Philadelphia in 1931, Binswanger is a global, employee-owned commercial real estate firm providing a complete range of services to corporate and institutional clients worldwide."
Method Workers' Comp,Nashville,TN,Method Workers' Compensation is a portfolio of workers' comp companies with the same mission: minimizing the human and financial cost of workplace injuries.
Triumph Technology Solutions LLC,Philadelphia,PA,Triumph Technology Solutions is an all-in AWS Premier Tier cloud native services provider.
Brightside,Chandler,AZ,"Brightside created Financial Care, a new category in employee benefits."
Passage Bio,Philadelphia,PA,We are a clinical stage genetic medicines company on a mission to improve the lives of patients with neurodegenerative diseases.
Executive Women's Forum (EWF) | DSG Global,Philadelphia,PA,"The Executive Women's Forum (EWF), a division of DSG Global, is a trusted global community committed to engaging, developing, and transforming leaders in cybersecurity, risk, and technology."
Premier Dental US,Plymouth Meeting,,"At Premier, we're inspired by the great work that dental professionals all over the world do every day to provide oral healthcare to their patients."
Yendo,Dallas,TX,We believe everyone should have equitable access to meaningful credit at affordable rates.
Raines International,Miami,FL,Raines International is an executive search firm that specializes in senior-level leadership recruitment across industries.
Central High School,Philadelphia,PA,"Central High School is a public high school in the Logan section of Philadelphia, Pennsylvania, founded in 1836."
Exyn Technologies,Philadelphia,PA,"Exyn is pioneering autonomous aerial robot systems for complex, GPS-denied environments."
PIDC,Philadelphia,PA,"We are Philadelphia's public-private economic development corporation. We provide financing and real estate products to businesses, nonprofits, and developers in all neighborhoods of Philadelphia."
MEDIcept Inc.,Boston,MA,"Medicept is your trusted integrated lifecycle partner bringing global expertise in regulatory, quality, clinical, and commercialization together in one team."
Inolex,Philadelphia,PA,"Inolex is a fiercely independent company that designs sustainable ingredients for health, beauty, and wellness."
BVA - Acquired by The Stable,San Diego,CA,BVA is a commerce agency that incubates and grows the direct-to-consumer (DTC) brands that people love.
NAPCO Media,Philadelphia,PA,"NAPCO Media is a business-to-business media company serving the printing and packaging, marketing, retail, non-profit, publishing and promotional products industries."
NewLane Finance,Philadelphia,PA,"Backed by the strength of WSFS Bank, NewLane is a commercial equipment finance company serving small to mid-size business nationwide."
Every Cure,Philadelphia,PA,Every Cure is a nonprofit organization dedicated to unlocking the full potential of every existing medicine to treat every disease possible.
Women in Tech Leadership,Philadelphia,PA,Women in Tech Leadership (WITL) is a Philadelphia-based non-profit 501(c)(3) networking organization for current and future women leaders in technology.
Xook,Philadelphia,PA,"Automated fresh food kiosks for condos, offices, supermarkets, and public facilities."
PRINTING United Expo,Philadelphia,PA,PRINTING United Expo is taking place September 23-25 in Las Vegas at Las Vegas Convention Center. The Expo brings together the entire industry under one roof.
Dreamit Ventures,Philadelphia,PA,Dreamit Ventures invests in transformative early-stage cybersecurity startups with revenue or pilots that are ready to scale.
Athena Global Advisors,Philadelphia,PA,"At our core, we're a collective of strategists, creatives, technologists, doers, and makers."
AGIL f(x),Philadelphia,PA,AGIL f(x) builds bespoke AI-powered business systems for enterprise teams in the Life Sciences industry.
SIMPLi,Philadelphia,PA,SIMPLi is a leading regenerative food brand on a mission to connect people around the world through the joy of food. Founded in 2020.
Supply Chain Insights,Philadelphia,PA,Supply Chain Insights LLC was founded in February 2012 by Lora Cecere.
PAR Retail,Philadelphia,PA,"PAR Technology Corporation (NYSE: PAR) delivers an agentic operating platform that enables smarter, more consistent operations for multi-unit brands."
DBI Projects,New York,NY,"We are an owner's representation firm, specializing in project management and real estate advisory."
HRO Today,Philadelphia,PA,HRO Today and the HRO Today Global Network are the properties of SharedXpertise Media and offer the broadest and deepest reach available anywhere in the HR industry.
Mitchell & Ness Nostalgia Co.,United States,,"We Are Premium. We Are Legendary. We Are Authentic. The legendary sports apparel company located in Philadelphia, Pennsylvania since 1904."
Terrain,Philadelphia,PA,"Founded in 2008, Terrain transforms the local garden center into a celebration of nature. Our flagship location in Glen Mills, Pennsylvania."
Faropoint,Jersey City,NJ,Faropoint is a data-driven industrial real estate asset manager that targets inefficiencies in the marketplace to achieve superior risk-adjusted returns.
FORT Robotics,Philadelphia,PA,"FORT Robotics is the Trust Layer for physical AI, making autonomous machines safe, secure, and reliable enough to deploy alongside humans."
ShopCore Properties (Now Perform Properties),Chicago,IL,"At Perform Properties, we redefine retail experiences, shaping vibrant communities where all businesses, big and small, thrive."
Westinghouse Lighting,Philadelphia,PA,Westinghouse Lighting is a family-owned lighting company based in Philadelphia. Founded in 1946 by Romolo and Stanley Angelo as Angelo Brothers.
Axion Recruitment,Southlake,TX,Axion Recruitment is a specialist international recruitment firm focused on the Manufacturing and Engineering sectors across the USA and UK.
Marshalls Distribution Ctr,Philadelphia,PA,"Marshalls Distribution Ctr is a Consumer Services company located in 2760 Red Lion Rd, Philadelphia, Pennsylvania, United States."
SEO Brand,Boca Raton,FL,"SEO Brand is a leading AI Search agency specializing in AI powered search optimization, GEO, and AEO. Founded in 2008."
Calcium+Company,New York,NY,Calcium+Company is an award-winning health communications group dedicated to nourishing companies and brands across their full lifecycle.
215 Marketing,Philadelphia,PA,"As a full-service agency, 215 Marketing is constantly striving to develop, to stay ahead of the curve, and to put the needs of our clients' first."
Fatpos Global,Philadelphia,PA,"Founded with a vision to make reliable market intelligence accessible worldwide, Fatpos Global is a global market research, consulting, and business intelligence company."
Tierney,Philadelphia,PA,We're a fuller-service creativity agency powered by good humans who do great work together.
SENA LLC,Philadelphia,,Sena LLC Group of Companies.
Netrality Data Centers,Miami Beach,FL,"Netrality owns and operates strategic interconnected data centers and Meet Me Rooms, providing a mix of colocation, powered shell, and wholesale data center solutions."
XponentL Data,Philadelphia,PA,"Genpact acquired XponentL Data on June 5, 2025."
Fox Run Brands,Ivyland,PA,"For over 45 years, Fox Run Brands has been a leading supplier of quality products for the kitchen to thousands of specialty retailers across the world."
Intention.ly,Philadelphia,PA,Intention.ly is the go-to growth consultancy and marketing agency for the financial services industry.
Sedna Consulting Group,Philadelphia,PA,Sedna Consulting Group is an innovative technology firm specializing in ground-breaking technology services.
TMX INTERMODAL,Linden,NJ,TMX Intermodal specializes in providing ocean container drayage and intermodal transportation Services.
"National Equity Fund, Inc.",Chicago,IL,"National Equity Fund, Inc. (NEF) is a leading non-profit, multi-family, affordable, real estate investment manager."
Officeworks Inc.,Burlington,MA,Officeworks is a workplace consulting firm specializing in innovative office interior solutions that put people at the center of design.
MOD,Philadelphia,PA,MOD is a creative collective built on intentional disruption.
Springboard Collaborative,Philadelphia,PA,"Children spend 75% of their waking hours outside of the classroom, yet our nation does shockingly little to capture educational value from this time for low-income kids."
School of the Future,Phialdelphia,PA,"School of the Future promises our learners and families a ""continuous, relevant and adaptive"" approach to learning."
Reinvestment Fund,Philadelphia,PA,Reinvestment Fund is a national mission-driven financial institution that creates opportunity for underserved people and places through partnerships.
Sprih,Philadelphia,PA,"Sprih is an AI-native enterprise intelligence platform that transforms fragmented operational, supplier, and sustainability data into real-time business intelligence."
Bi3 Careers,Philadelphia,PA,BI3 Careers combines insight and experience to form a creative and unique approach to deliver candidates who will have a positive impact on your business.
Rove,New York,NY,"Earn airline miles on shopping and booking travel, all on top of your credit card rewards."
Quil,Philadelphia,PA,"Quil, the joint venture between Independence Health Group and Comcast. We create technology that helps people thrive, age on their own terms."
Inspire,Santa Monica,CA,Inspire is a clean energy technology company on a mission to transform the way people access clean energy and accelerate the world toward a net-zero carbon future.
Aegis Project Controls,Silver Spring,MD,"Founded in 2006, Aegis Project Controls is a leading project controls firm with offices across the United States and Europe."
Ideate Labs - UX Courses for Women,Philadelphia,PA,Become a confident UI UX Designer in just four months (part-time) and implement your project ideas.
OLIN,Philadelphia,PA,"OLIN is dedicated to affecting positive change through landscape architecture, urban design and planning."
Buying Simplified,Philadelphia,PA,Our mission is to allow you to concentrate on core activities while we execute your projects and tactical tasks without any noise and day-to-day supervision.
The Admin Awards,Dallas,TX,The Admin Awards is the Administrative Profession's highest honor and is nationally known as the 'Academy Awards for Admins.'
Co-Living Homes,Philadelphia,PA,"We are a leader in finding, developing, leasing, and managing Co-Living homes and other Co-Living communities."
Powers Brown Architecture,Houston,TX,"Powers Brown Architecture is a professional services firm practicing architecture, interior design, programming and urban design."
New Leaders Council,Washington,DC,NLC provides local change makers place-based training and a national network of support.
Philabundance,Philadelphia,PA,"Philabundance seeks to drive hunger from our communities today and end hunger forever. It serves approximately 90,000 people per week."
Beaufort CRO,Virginia Beach,VA,"94% of our clients rate us higher than other CROs. We bring deep expertise across medical devices, in vitro diagnostics, and emerging technologies."
LevLane,Philadelphia,PA,"Advertising, media, public relations, digital and every other way to make people feel something real."
Halliwell,East Providence,RI,"Halliwell is a premier multidisciplinary technical and forensic consulting firm delivering global expertise across risk determination, loss investigation, restoration, and litigation support."
William Penn Foundation,Philadelphia,PA,"The William Penn Foundation, founded in 1945 by Otto and Phoebe Haas, is committed to expanding access to resources and opportunities that promote a more vital and just city and region for all."
Wharton Global Youth Program,Philadelphia,PA,"Educating, informing and inspiring pre-collegiate students to explore business, analyze challenges, and become leaders."
LunaJoy Health,Tampa,FL,"Unmanaged behavioral health is the single largest ""blind spot"" impacting total cost of care, patient outcomes, and clinical efficiency."
Anervea,Philadelphia,,Anervea has proprietary AI-platforms and solutions that accelerates BioPharma commercialization by unlocking incremental market opportunities.
Girls First Fund,Philadelphia,,The Girls First Fund is the largest funding partnership of its size focused on ending child marriage by directing financial and non financial resources to community-based organizations.
Run A Better Set (RABS),Philadelphia,PA,RABS imagines and builds apps for behind-the-scenes of movie and television productions. Crew technologies are our priority.
Think Traffic,Philadelphia,PA,"Philadelphia based ad agency Think-Traffic, which also has offices in LA, is an independent, next generation, creative collaborative with a strong technology orientation."
SafeGraph,Denver,CO,"SafeGraph is a data company. That's it, that's all we do. We predict the past. SafeGraph's mission is to democratize access to data."
JPA Health,Washington,DC,"At JPA Health, we sync-up PR, marketing, advocacy and medical comms to share our clients' commitment that helps people live healthier lives."
Authentise,Philadelphia,PA,"Supercharge your manufacturing and engineering with Authentise. Our data-driven platform streamlines your entire workflow, boosting efficiency, consistency, and compliance."
National Lacrosse League (NLL),Philadelphia,PA,"The National Lacrosse League (NLL) is North America's premier professional lacrosse league. Founded in 1986, the league is comprised of 15 franchises."
Sagapixel,Cherry Hill,NJ,"Sagapixel is a healthcare digital marketing agency that works with healthcare providers and brands to get discovered through paid and organic search, as well as social media."
DMi Partners,Philadelphia,PA,DMi Partners is focused on driving real online business growth for our clients. And we're not afraid to bet our own profitability on achieving success for you.
CCI Consulting - A Keystone Partners Company,Blue Bell,PA,"Building Resilience, Readiness, and Results Through Talent Solutions. CCI Consulting, now part of the Keystone Partners family."
Calder Capital,Grand Rapids,MI,"Founded in 2013, Calder Capital is a cross-industry mergers and acquisitions advisory firm with offices across the United States."
NeuroFlow,Philadelphia,PA,NeuroFlow helps risk-bearing healthcare organizations improve outcomes and cost of care in complex populations by surfacing and supporting behavioral health needs.
Alkemy X,Philadelphia,PA,"Alkemy X is a premier global post production company celebrated for best-in-class editorial, finishing, design, animation, and visual effects."
Red Tettemer O'Connell + Partners,Philadelphia,PA,"Red Tettemer O'Connell + Partners, a Mod Op Company, is a full service agency that stops at nothing to make its clients unforgettable."
Center City District,Philadelphia,PA,"The Center City District (CCD), Central Philadelphia Development Corporation (CPDC), and Center City District Foundation (CCDF) share a common mission to enhance the vitality of Center City Philadelphia."
Pennsylvania Horticultural Society (PHS),Philadelphia,PA,PHS uses horticulture to advance the health and well-being of the Greater Philadelphia Region.
Horvath & Tremblay,Lynnfield,MA,"Horvath & Tremblay is a premier real estate services firm specializing in investment real estate brokerage, 1031 exchanges, debt and equity placement, and appraisal and valuation services."
Tendo,Philadelphia,PA,"It's time to reimagine what's possible in healthcare. At Tendo, we're on a mission to become the trusted connection between patients, clinicians, and caregivers."
Decision Research Corporation,Honolulu,HI,"DRC was acquired by Majesco on January 2nd, 2024. This account will be closing and moving to Majesco."
tallywell,Philadelphia,PA,Data is the Future of Healthcare: Tallywell provides comprehensive health risk and data analysis across large networks of people.
Breakthrough Properties,Los Angeles,CA,Breakthrough Properties is a life science real estate investment firm that leverages cross-sector collaboration to deliver environments that foster innovation.
FIFA World Cup 26 Philadelphia,Philadelphia,PA,Philadelphia is proud to be a Host City for FIFA World Cup 26. This once-in-a-generation opportunity will welcome The Beautiful Game to the City of Brotherly Love.
Post Brothers,Philadelphia,PA,"Post Brothers was founded in 2006 by Matthew and Michael Pestronk to exclusively focus on creating and operating infill, class-A apartment buildings."
Bohlin Cywinski Jackson,Wilkes-Barre,PA,"Bohlin Cywinski Jackson is noted for elegant and humane design, ranging from modest houses to large academic, civic, cultural, commercial, and corporate buildings."
Brandywine Global Investment Management,Philadelphia,PA,"We believe in the power of value investing. Acting with conviction and discipline, we look beyond short-term, conventional thinking to rigorously pursue long-term value for our clients."
The SEO Works (USA),Philadelphia,PA,"The SEO Works are an award-winning provider of search marketing, websites and paid social for leading brands and prospering SME's."
Next PR,Colorado Springs,CO,"Next PR: Award winning. Results driven. We create comprehensive, integrated PR strategies that go beyond the basics."
Alma Ventures LLC,Philadelphia,,Alma Ventures LLC.
Cabrera Capital Markets,Chicago,IL,"Founded in 2001, Cabrera Capital Markets LLC is the leading Latino-owned investment bank and institutional brokerage firm."
Lemkin Institute for Genocide Prevention,Philadelphia,PA,"The Lemkin Institute for Genocide Prevention has grown from the Iraq Project for Genocide Prevention and Accountability, launched in 2017."
ROCKSTEADY PROMOTIONS,Philadelphia,PA,"At Rocksteady Promotions, our team adopts an energetic outreach approach that delivers compelling presentations about our clients' products and services."
Bluecadet,New York,NY,"Using design and technology to tell more interesting, participatory and human stories."
Watchdog,Philadelphia,PA,"Since our inception in 2003, Watchdog has been at the forefront of the real estate industry, providing indispensable knowledge to each of our clients."
"The Higgins Group, Inc.",Philadelphia & Boston,,Executive Search for the Life Sciences. The Higgins Group is a retained executive search firm dedicated to providing major and emerging companies in the life sciences with access to leadership.
Cradles to Crayons,Newton,MA,"Cradles to Crayons provides children from birth through age 12, living in homeless or low-income situations, with the essential items they need to thrive."
McKissack,New York,NY,McKissack & McKissack is the oldest minority-owned construction firm in the United States. A family-owned business for more than 119 years.
Museum of the American Revolution,Philadelphia,PA,"The Museum of the American Revolution uncovers and shares compelling stories about the diverse people and complex events that sparked America's ongoing experiment in liberty, equality, and self-government."
Hopeworks,Camden,NJ,"With a focus on skill development, real-world job experience, and trauma-informed care, Hopeworks propels young adults into long-term living wage careers."
